<?xml version="1.0" encoding="UTF-8"?>
<beans xmlns="http://www.springframework.org/schema/beans"
       xmlns:xsi="http://www.w3.org/2001/XMLSchema-instance"
       xmlns:mvc="http://www.springframework.org/schema/mvc"
       xmlns:context="http://www.springframework.org/schema/context"
       xsi:schemaLocation="http://www.springframework.org/schema/beans http://www.springframework.org/schema/beans/spring-beans.xsd
		http://www.springframework.org/schema/mvc http://www.springframework.org/schema/mvc/spring-mvc.xsd
		http://www.springframework.org/schema/context http://www.springframework.org/schema/context/spring-context.xsd">


    <mvc:annotation-driven>
<!--        <mvc:message-converters register-defaults="true">
            &lt;!&ndash; 避免IE执行AJAX时,返回JSON出现下载文件 &ndash;&gt;
            <bean id="fastJsonHttpMessageConverter" class="com.alibaba.fastjson.support.spring.FastJsonHttpMessageConverter">
                <property name="supportedMediaTypes">
                    <list>
                        <value>application/json;charset=UTF-8</value>
                    </list>
                </property>
                <property name="features">
                    <list>
                        <value>WriteDateUseDateFormat</value>
                        <value>WriteMapNullValue</value>
                        <value>QuoteFieldNames</value>
                        <value>DisableCircularReferenceDetect</value>
                    </list>
                </property>
            </bean>
        </mvc:message-converters>-->
    </mvc:annotation-driven>

    <mvc:default-servlet-handler/>

    <context:component-scan base-package="com.hsy.*" />

    <mvc:default-servlet-handler/>

    <!-- Spring view resolver-->
    <bean id="viewResolver"
          class="org.springframework.web.servlet.view.InternalResourceViewResolver">
        <property name="viewClass"
                  value="org.springframework.web.servlet.view.JstlView" />
        <property name="prefix" value="/WEB-INF/view/" />
        <property name="suffix" value=".jsp" />
    </bean>



</beans>
